timestamp,model,idea
2025-03-13 09:44:10,ollama-DeepSeek-R1:latest,Trade on MACD divergence with entries when price is breaking out beyond upper Bollinger Bands and within a Fibonacci time zone.
2025-03-13 09:45:00,ollama-gemma:2b,Arbitrage on market order book imbalances and order flow reversals.
2025-03-13 09:45:38,ollama-DeepSeek-R1:latest,Trade short gamma positions during periods of high order flow imbalance that suggest an upcoming intra-day price reversal on shorter time frames.
2025-03-13 09:49:08,ollama-gemma:2b,"Utilizing sentiment analysis of social media data, identify trading opportunities where negative sentiment is significantly correlated with upcoming down trends in specific sectors."
2025-03-13 09:52:35,ollama-DeepSeek-R1:latest,"Trade long on Fibonacci retracement resistance levels entering when price approaches these levels while volume decreases, exiting upon breaking through or reversing."
2025-03-13 09:55:06,ollama-llama3.2:latest,"A statistical arbitrage strategy that exploits non-synchronous bid-ask spreads across EFP (Exchange for Physical) contracts for commodities, entering long positions when the difference between futures and EFP prices is greater than 2%."
2025-03-13 09:56:18,ollama-DeepSeek-R1:latest,Use a Vola-Weighted ATR (VWATR) moving average to filter volatility noise while identifying divergence with VWATR price action as a trade signal when the difference exceeds 2 standard deviations.
2025-03-13 09:58:19,ollama-gemma:2b,Cross-Asset Divergence Trading Strategy:
2025-03-13 09:58:31,ollama-gemma:2b,Smart Money Zone Arbitrage:
2025-03-13 10:00:48,ollama-gemma:2b,Develop a momentum-based trading strategy that utilizes a combination of relative strength and stochastic oscillators to identify high-probability trading opportunities.
2025-03-13 10:01:01,ollama-llama3.2:latest,"Sell puts on an ETF that tracks the inverse S&P 500 if its implied volatility is higher than the VIX, with stop-loss at 20% above spot price."
2025-03-13 10:01:15,ollama-gemma:2b,Dynamic Butterfly Oscillator Strategy
2025-03-13 10:01:39,ollama-DeepSeek-R1:latest,A strategy combines Fibonacci retracement levels with Relative Strength Index (RSI) to identify divergence points for trade signals.
2025-03-13 10:01:54,ollama-llama3.2:latest,"A momentum-based arbitrage strategy utilizing order flow data from major currency pairs to identify divergent liquidity, capturing the alpha from asymmetric trading opportunities."
2025-03-13 10:02:10,ollama-llama3.2:latest,"A statistical arbitrage strategy that exploits cross-asset correlations by buying the underperforming US dollar against overperforming cryptocurrencies like Bitcoin or Ethereum, with a twist of incorporating implied volatility in USD futures contracts to enhance returns."
2025-03-13 10:02:36,ollama-DeepSeek-R1:latest,Trade intra-day using high-frequency Fibonacci retracement support/resistance levels entered during periods of low volatility.
2025-03-13 10:02:52,ollama-llama3.2:latest,A value-based momentum trap strategy that captures short-term mean-reversion opportunities by buying overbought futures contracts with high implied theta and selling undervalued options contracts with low delta.
2025-03-13 10:03:08,ollama-llama3.2:latest,"Buy high-yield bonds with inverted yield curves (20-30 years vs 2-5 years) and short US dollar futures for a 6-month window when the 10-year Treasury yield exceeds the S&P 500's forward price, to capture carry trade benefits and beta reduction."
2025-03-13 10:03:36,ollama-DeepSeek-R1:latest,A strategy using price fractals for trend detection and confirming with order flow depth at specific times when a buy signal appears from the fractals.
2025-03-13 10:04:03,ollama-DeepSeek-R1:latest,"A trend-following strategy using MACD divergence combined with Fibonacci retracement levels to identify overbought conditions, entering trades when both indicators concur for a pullback opportunity."
2025-03-13 10:04:18,ollama-llama3.2:latest,Sell 3x leveraged inversely correlated ETF pairs during US session's mean reversion windows (based on CCI and Bollinger Bands) that coincide with strong futures market makeovers.
2025-03-13 10:04:33,ollama-gemma:2b,AI Sentiment Arbitrage for Alpha
2025-03-13 10:04:52,ollama-llama3.2:latest,"Sell calls when the difference between VIX futures and cash VIX is greater than 0.1, with a stop-loss at 20% above the current price, and take profits at 40%."
2025-03-13 10:05:06,ollama-gemma:2b,Combining stochastic oscillators with option pricing to identify profitable trading opportunities in thinly traded stocks.
2025-03-13 10:06:06,ollama-DeepSeek-R1:latest,Trade on fractal patterns within Bollinger Bands by entering when a 5-period fractal completes and exiting at the nearest +/-2 standard deviation level.
2025-03-13 10:06:42,ollama-llama3.2:latest,"A mean-reversion strategy that enters when RSI diverges from price action while volume decreases, with exits based on ATR multiples."
2025-03-13 10:07:04,ollama-gemma:2b,Harnessing Market Dynamics: Arbitrage on Unfavorable Volatility Clusters
2025-03-13 10:07:22,ollama-gemma:2b,Leveraged Arbitrage on Volatility Waves:
2025-03-13 10:07:42,ollama-llama3.2:latest,"Sell overbought puts on the VIX futures contract at the beginning of each calendar quarter, targeting a maximum 5% move in the first 50 days post-expiration to capture the seasonal decline in market volatility and limit exposure to potential large moves upwards."
2025-03-13 10:07:58,ollama-gemma:2b,Arbitrage on Microstructure Patterns of Volatility and Order Flow.
2025-03-13 10:08:13,ollama-gemma:2b,Identify and trade high-frequency options trade clusters.
2025-03-13 10:08:44,ollama-DeepSeek-R1:latest,Trade based on price corrections to Fibonacci retracement levels with confirmation of increasing volume as potential entry points.
2025-03-13 10:08:59,ollama-llama3.2:latest,"Buy high-yield bonds with inverted yield curves, selling covered calls to profit from decreasing convexity while managing exposure to credit risk."
2025-03-13 10:09:31,ollama-DeepSeek-R1:latest,"Buy/hold when implied volatility decreases while realized volatility spikes, paired with a significant jump in trading volume."
2025-03-13 10:10:16,ollama-DeepSeek-R1:latest,"A volatility-based strategy that combines Stochastic Oscillator (SO) divergence with MACD momentum signals, entering trades only when SO indicates overbought/oversold in conjunction with diverging from MACD's direction, using ATR for risk management and Theta decay as time approaches expiration."
2025-03-13 10:10:32,ollama-llama3.2:latest,"A statistical arbitrage strategy that exploits cross-asset correlations by buying the low-volatility ETF with the highest correlation to the low-volatility US bond index while selling the high-volatility ETF with the lowest correlation, using a moving average-based momentum indicator."
2025-03-13 10:11:07,ollama-DeepSeek-R1:latest,"Enter trades when price aligns with both fractal pattern recognition and Fibonacci retracement levels, capturing overbought/oversold signals."
2025-03-13 10:12:11,ollama-DeepSeek-R1:latest,"A strategy that combines MACD Histogram divergence with Bollinger Bands upper band cross down to enter long positions, using it as a confirmation after MACD signals."
2025-03-13 10:12:27,ollama-llama3.2:latest,"A momentum-neutral statistical arbitrage strategy that exploits the cross-asset correlation between high-yield bond spreads and VIX futures, entering positions where spread tightness converges with expected volatility."
2025-03-13 10:12:40,ollama-gemma:2b,Volatility Butterfly Strategy:
2025-03-13 10:12:54,ollama-gemma:2b,Microstructure Pattern Breakout Trading
2025-03-13 10:13:10,ollama-gemma:2b,Algorithmic Butterfly Pattern Recognition
2025-03-13 10:13:24,ollama-gemma:2b,Identify and Trade Price Action Patterns at Divergence Points
2025-03-13 10:14:06,ollama-DeepSeek-R1:latest,A mean-reversion strategy using ATR volatility bands combined with RSI divergence and IVOL as an exit signal based on theta decay.
2025-03-13 10:14:45,ollama-DeepSeek-R1:latest,"A trading strategy that enters when the Average True Range (ATR) crosses above the 5-star Fractal indicator while the market exhibits sustained strength over a specific lookback period, aiming for profits during high volatility and favorable trend alignment."
2025-03-13 10:15:00,ollama-llama3.2:latest,"Enter long positions in the inverse correlation between futures' high-frequency delta-neutral contracts and their spot price futures, with stop-loss at 1% below opening price."
2025-03-13 10:15:39,ollama-DeepSeek-R1:latest,"A machine learning model predicts realized volatility jumps using EOD realized variance and IV skews during off-hours, outperforming HAR or MIDAS."
2025-03-13 10:15:54,ollama-gemma:2b,Utilizing Statistical Arbitrage Opportunities in Microstructure Patterns:
2025-03-13 10:16:16,ollama-llama3.2:latest,Sell high-yield bond futures when 1-day interest rate spreads (compared to 2-day) widen by more than 10bps while short-term implied volatility converges with long-term term premium.
2025-03-13 10:16:33,ollama-gemma:2b,"Combining high-frequency order flow analysis with sentiment analysis, we can identify and trade short-duration options strategies based on the interplay of price, volume, and sentiment indicators. This approach allows for capturing alpha by exploiting the opportunities presented by both market microstructure and sentiment dynamics."
2025-03-13 10:17:11,ollama-DeepSeek-R1:latest,"Trade a mean-reversion position between gold and silver when their Pearson correlation coefficient exceeds 0.6, going long on one while shorting the other with equal dollar allocations, exiting upon reversion of the correlation."
2025-03-13 10:17:27,ollama-gemma:2b,Dynamic Breakout and Reverse Entry with Stochastic Oscillator Bands
2025-03-13 10:17:41,ollama-gemma:2b,Microstructure Pattern Breakout Strategy:
2025-03-13 10:18:25,ollama-DeepSeek-R1:latest,"Trade when the fractal dimension indicates low volatility/trend strength and RSI shows divergence from price action, closing positions at 10% profit or 2% risk for scalping opportunities."
2025-03-13 10:18:40,ollama-gemma:2b,Utilizing Statistical Arbitrage Opportunities in Volatility-Driven Markets
2025-03-13 10:18:56,ollama-llama3.2:latest,"A statistical arbitrage approach that exploits the misalignment between short-term high-frequency order flow data and long-term macroeconomic indicators, focusing on correlations between S&P 500 futures prices and implied volatility."
2025-03-13 10:19:10,ollama-gemma:2b,High-frequency order flow analysis:
2025-03-13 10:19:24,ollama-gemma:2b,Harnessing Supply and Demand Oscillation for Alpha Generation
2025-03-13 10:19:37,ollama-gemma:2b,Trend-following bot with fractal analysis:
2025-03-13 10:19:53,ollama-llama3.2:latest,"Enter long positions in futures contracts during periods of high implied volatility relative to actualized price movements, with stop-loss set at 1 standard deviation below the market price."
2025-03-13 10:20:07,ollama-gemma:2b,Hybrid Wave-Cluster Arbitrage Strategy:
2025-03-13 10:20:37,ollama-DeepSeek-R1:latest,Trade long when MACD Histogram crosses above zero while price makes new lows.
2025-03-13 10:21:11,ollama-DeepSeek-R1:latest,"Use an RNN-based sentiment model to identify market sentiment shifts in real-time, then trade contrarily when predicted sentiment reversal is confirmed alongside increased market volatility as a confirmation signal."
2025-03-13 10:21:51,ollama-DeepSeek-R1:latest,"Enter trades when market breadth outperforms relative strength and sentiment indicates potential sell-off, exiting on break of key support/resistance."
2025-03-13 10:22:05,ollama-gemma:2b,Arbitrage between illiquid cryptocurrencies and their underlying assets using machine learning-driven pattern recognition and risk-adjusted order flow analysis.
2025-03-13 10:22:19,ollama-gemma:2b,Microstructure Breakout Trading
2025-03-13 10:22:34,ollama-llama3.2:latest,"Buy overbought stocks that exhibit an increased relative strength indicator (RSI) divergence from price action while their cumulative directional movement (CDM) remains bullish, with a stop-loss at 2x ATR below entry."
2025-03-13 10:22:50,ollama-llama3.2:latest,"Sell VIX futures 90 days before major US earnings season events, targeting a correlation reversal into subsequent months to capture alpha from option traders' increasing expectation premiums."
2025-03-13 10:23:36,ollama-DeepSeek-R1:latest,"A trend-following strategy that uses Fibonacci retracement levels combined with MACD divergence signals for entry points, validated by Volume Price analysis during pullbacks to confirm trend strength."
2025-03-13 10:24:03,ollama-DeepSeek-R1:latest,"Enter trades when a fractal pattern forms alongside increased order flow accumulation on the opposite side, using this for trend entry points."
2025-03-13 10:24:38,ollama-DeepSeek-R1:latest,Trade contrarily when Bitcoin's H1 correlation with U.S.
2025-03-13 10:24:53,ollama-llama3.2:latest,"A mean-reversion strategy that enters long positions when Bollinger Bands' standard deviation converges to its moving average, while exits are triggered by the first bounce above 2 standard deviations."
2025-03-13 10:25:07,ollama-gemma:2b,Combining Trend-Following and Volatility Arbitrage
2025-03-13 10:25:22,ollama-gemma:2b,"Utilizing market microstructure patterns and order flow analysis, we can identify and execute trade opportunities where large institutional orders enter and exit within seconds of each other, generating significant alpha."
2025-03-13 10:26:04,ollama-DeepSeek-R1:latest,"Use non-linear moving average crossovers to identify trend reversals while RSI confirms strength, then trade on BBANDS volatility deviations for entry/exit signals."
2025-03-13 10:26:39,ollama-DeepSeek-R1:latest,"Enter trades when Fibonacci retracement levels are confirmed by increasing ATR volatility, exiting upon divergence or when the ATR stabilizes."
2025-03-13 10:27:16,ollama-DeepSeek-R1:latest,"Use high-frequency volume-based divergence to trade during periods of low volatility, entering when price trends diverge from minute-by-minute volume changes."
2025-03-13 10:28:02,ollama-DeepSeek-R1:latest,Use high-order momentum combined with a unique volatility ratio targeting approach for trend entry/exit points.
2025-03-13 10:28:20,ollama-llama3.2:latest,"A statistical arbitrage strategy that exploits co-integration breaks in the correlation between S&P 500 futures and their implied volatility futures, entering long the cheap beta spread and shorting the rich beta spread when beta divergence exceeds 1.5."
2025-03-13 10:28:35,ollama-llama3.2:latest,"Sell puts on stocks that have seen unusual increase in short interest compared to their 52-week highs, with a stop-loss at the bid price."
2025-03-13 10:29:04,ollama-DeepSeek-R1:latest,"Use a short position when MACD line crosses below signal line and Bollinger Bands indicate tight volatility, expecting price reversal."
2025-03-13 10:29:19,ollama-gemma:2b,Volatility-Driven Arbitrage Strategy:
2025-03-13 10:29:32,ollama-gemma:2b,AI-Powered Sentiment Arbitrage:
2025-03-13 10:29:50,ollama-llama3.2:latest,"A statistical arbitrage strategy that exploits the difference in stock price returns between high-frequency traded stocks and illiquid, low-volatility stocks, entering long positions when the former's return exceeds the latter's by at least 3 standard deviations."
2025-03-13 10:30:06,ollama-llama3.2:latest,"Buy high-yield bond ETFs during times of high central bank liquidity, as measured by overnight repurchase auctions, with stop-loss at 2% yield loss to capture risk-reward tradeoff."
2025-03-13 10:30:20,ollama-gemma:2b,Arbitrage on Microstructure Patterns: Uncovering Hidden Opportunities
2025-03-13 10:30:37,ollama-llama3.2:latest,"A statistical arbitrage strategy that identifies mispriced correlations between high-frequency order flow data from multiple currencies, entering long positions when the correlation spread exceeds historical thresholds and exiting when it converges."
2025-03-13 10:30:53,ollama-gemma:2b,"Utilizing volatility and order flow analysis, we can identify and trade emerging trend reversals through a combination of stochastic momentum indicators like RSI divergence from price action with stochastic volatility indicators like VIM."
2025-03-13 10:31:09,ollama-llama3.2:latest,"Enter long positions in the VIX futures market when the difference between VIX futures and cash prices is less than 10% more than the historical average discrepancy at similar times of year, with exits based on a 2-day trailing stop-loss."
2025-03-13 10:31:23,ollama-gemma:2b,Combine trend-following with arbitrage opportunities.
2025-03-13 10:31:54,ollama-DeepSeek-R1:latest,A strategy that combines RSI momentum with Fibonacci retracement levels to identify overbought/oversold conditions and potential price reversals.
2025-03-13 10:32:12,ollama-llama3.2:latest,"A cross-asset arbitrage strategy that exploits asymmetric risk premia by buying the VIX futures contract with a longer expirations dates, selling the shorter-dated VIX futures contracts, and shorting the implied volatility of high-yield corporate bonds."
2025-03-13 10:32:27,ollama-llama3.2:latest,A momentum-capture strategy that exploits asymmetric price responses to order flow imbalances by focusing on high-frequency data from low-latency exchanges and identifying trades with 'asymmetric' size-volume ratios (>1.2)
2025-03-13 10:37:03,ollama-DeepSeek-R1:latest,"The final answer is a unique strategy that combines a bullish fractal pattern with RSI divergence, both of which are indicators used in trading. This approach aims to anticipate trend reversals by identifying specific geometric price patterns alongside momentum signals."
2025-03-13 10:37:20,ollama-llama3.2:latest,A statistical arbitrage approach that exploits cross-asset correlations by buying the underperforming sector of the S&P 500 and selling the overperforming tech sector on days when the US dollar index strengthens relative to emerging markets.
2025-03-13 10:41:54,ollama-DeepSeek-R1:latest,MACD Histogram Divergence with SO
2025-03-13 10:42:09,ollama-gemma:2b,High-Frequency Breakout Trading with Sentiment Analysis
2025-03-13 10:42:26,ollama-llama3.2:latest,A statistical arbitrage approach that exploits cross-asset correlations by buying under-volatility priced futures contracts and selling over-volatility priced currencies futures contracts with similar underlying spot prices.
2025-03-13 10:43:04,ollama-DeepSeek-R1:latest,"Trade on divergence between Bollinger Bands volatility and Order Flow Intensity, entering positions when BB volatility spikes but OFI decreases, exiting upon reversal of OFI rise and BB normalization."
2025-03-13 10:43:20,ollama-llama3.2:latest,"A statistical arbitrage approach that exploits correlations between futures contracts with opposite price movements but identical underlying assets, entering long the underperformer and short the outperformer upon correlation reversal."
2025-03-13 10:43:53,ollama-DeepSeek-R1:latest,Combine a bullish divergence signal using a 50-day and 200-day simple moving average with bearish momentum indicated by declining volumes in advancing issues relative to declining ones on an exchange-traded fund.
2025-03-13 10:45:26,ollama-DeepSeek-R1:latest,Trade when price touches an upper/lower Bollinger Band and volume spikes exceed the 90th percentile of its recent distribution.
2025-03-13 10:45:41,ollama-llama3.2:latest,"Buy a 2x1 long-short ETF spread at market opening, holding for 30 minutes if the opening range expansion is less than 10% and scaling out on subsequent openings with increasing leverage."
2025-03-13 10:45:57,ollama-llama3.2:latest,"A statistical arbitrage strategy that exploits the co-movement relationship between implied and historical volatility across different time horizons, with positions scaled by the Sharpe ratio of each market's volatility term structure."
2025-03-13 10:46:14,ollama-llama3.2:latest,"A statistical arbitrage strategy that exploits cross-asset correlations between VIX futures and the V2X (VIX futures vs. S&P 500) index spread, entering long when VIX spreads widen and shorting when they narrow."
2025-03-13 10:46:52,ollama-DeepSeek-R1:latest,"Enter trades when close approaches a Fibonacci retracement level on a 50-period time frame with Bollinger Bands narrowing, closing if the price fails to reverse above the lower Bollinger Band in 30 minutes."
2025-03-13 10:47:13,ollama-gemma:2b,"Utilizing technical indicators and the Relative Strength Index (RSI), we can identify potential trading opportunities by detecting when the RSI diverges from its average price and volume ratios diverge. When this divergence persists for a sustained period, the RSI crosses above its average price, indicating a potential breakout or reversal."
2025-03-13 10:47:28,ollama-llama3.2:latest,Sell call options on the first close after a significant economic data release if the subsequent open is within 0.5% of previous day's high/low.
2025-03-13 10:48:06,ollama-DeepSeek-R1:latest,"A trend-following strategy using the Chikou Span to predict price reversals combined with the MACD for diverging signals, entering trades when indicators diverge and exiting upon ATR-based volatility."
2025-03-13 10:48:42,ollama-DeepSeek-R1:latest,"Use fractal-based pattern recognition alongside momentum indicators to identify divergent market movements, entering trades when such convergence suggests a potential reversal."
2025-03-13 10:48:58,ollama-llama3.2:latest,"A statistical arbitrage opportunity that exploits the difference in expected return between put-call options with identical strike prices but different underlying assets and maturities, bought on one side and sold short on another."
2025-03-13 10:49:34,ollama-DeepSeek-R1:latest,"Trade long in trending markets using a combination of volume strength, moving average trends, and ATR-based risk management, entering when volume spikes preceded by a bullish VIX reading and exiting at defined profit levels."
2025-03-13 10:49:48,ollama-gemma:2b,Volatility Arbitrage with Quantum Oscillator Bands
2025-03-13 10:50:04,ollama-gemma:2b,Combine volatility and sentiment indicators to identify trading opportunities.
2025-03-13 10:50:21,ollama-llama3.2:latest,"A statistical arbitrage approach utilizing the 'tail risk' of market makers' inventory levels, which is predicted by an LSTM model trained on order flow data from futures markets, to identify mispricings in correlated markets."
2025-03-13 10:51:02,ollama-DeepSeek-R1:latest,A dynamic statistical arbitrage strategy using multiple cointegrated asset pairs across sectors combined with a machine learning model to predict reversion points based on co-integration for adaptive mean-reverting trades.
2025-03-13 10:51:35,ollama-DeepSeek-R1:latest,Trade contrarily on the divergence between MACD histogram momentum and the number of market participants using high-frequency order flow data.
2025-03-13 10:52:13,ollama-DeepSeek-R1:latest,"Enter a short position when RSI exhibits bearish divergence while MACD signals bullishness, with exits triggered when both indicators confirm divergence and VIX is below upper Bollinger Bands."
2025-03-13 10:52:28,ollama-llama3.2:latest,Sell options on underpriced stocks with high overnight intraday price movements exceeding 3% above their buyback points based on order flow data from 12pm ET closing prices.
2025-03-13 10:52:44,ollama-llama3.2:latest,A statistical arbitrage strategy that exploits the mispricing of cross-asset correlations by simultaneously buying the underperforming asset and selling the overperforming asset in the first quartile of daily markets.
2025-03-13 10:52:59,ollama-llama3.2:latest,"A statistical arbitrage strategy that exploits the co-movement between VIX futures and underlying S&P 500 index futures, with simultaneous entry and exit based on their relative convexity."
2025-03-13 10:53:14,ollama-gemma:2b,Identify and trade based on reversals of volatility clusters and the presence of bullish engulfing patterns in options markets.
2025-03-13 10:53:29,ollama-llama3.2:latest,A mean-reversion strategy that enters when Bollinger Bands collapse while market order flow data reveals simultaneous liquidity suppression across multiple exchanges.
2025-03-13 10:53:45,ollama-llama3.2:latest,"A sentiment-neutral momentum strategy that longs the stocks that are heavily shorted by hedge funds but not yet being covered, as indicated by option volumes and short interest ratios."
2025-03-13 10:54:26,ollama-DeepSeek-R1:latest,"Use recent returns (last 10 periods) showing consistent trend reversals as an entry signal when combined with high volume and increased volatility, exiting using ATR multiples and a maximum hold period based on time series momentum."
2025-03-13 10:54:42,ollama-llama3.2:latest,"A momentum-based strategy that captures contrarian flows by monitoring the ratio of sell-to-buy orders placed at the open versus close in futures markets, with long positions taken when the ratio exceeds 1.5."
2025-03-13 10:54:58,ollama-llama3.2:latest,"Enter long ETFs when 90% of all available stocks are oversold (Bollinger Bands lower band) and the inverse VIX is above its 50-period moving average, with stops at 20% above entry points."
2025-03-13 10:56:21,ollama-DeepSeek-R1:latest,Generate alpha by exploiting divergence signals when price action aligns with harmonic patterns and high-order volume spikes confirm convergence.
2025-03-13 10:56:54,ollama-DeepSeek-R1:latest,"Use LOFAR to count price fluctuations in a timeframe, then employ a deep neural network trained on sentiment analysis and high-frequency data to predict whether the number of movements will exceed an expected fractal dimension threshold."
2025-03-13 10:57:11,ollama-llama3.2:latest,"Buy call options on S&P 500 futures when the VIX premium (delta-neutral spread) widens by at least 0.05 points above its 50-day moving average, with stops at breakeven and targets set at a 2 standard deviation price range expansion."
2025-03-13 10:57:27,ollama-gemma:2b,Long-Term Equity Arbitrage with Trend Following Indicators
2025-03-13 10:58:17,ollama-DeepSeek-R1:latest,Use VWAP convergence with AD divergence to enter trades at support/resistance levels and exit when the trend reverses.
2025-03-13 10:58:35,ollama-gemma:2b,"Utilizing advanced statistical arbitrage techniques, we can identify and exploit price discrepancies between Bitcoin and Ethereum based on the relative strength of their correlations with the US Dollar Index (USD). By employing sophisticated algorithms that combine technical indicators with statistical arbitrage, we can generate consistent alpha through arbitrage opportunities in these cryptocurrencies."
2025-03-13 10:58:51,ollama-llama3.2:latest,"A high-frequency mean-reversion strategy that exploits bid-ask bounce opportunities by tracking the 'price gap' between consecutive order book prints, with positions scaled to 1/10th of daily volume."
2025-03-13 11:01:07,ollama-DeepSeek-R1:latest,"An innovative trading strategy combining high-order fractals in market microstructure with RSI divergence, utilizing machine learning for automated entry/exit decisions to exploit trend reversals and continuations."
2025-03-13 11:01:46,ollama-DeepSeek-R1:latest,"Generate a momentum-based trading strategy that enters trades when an asset shows significant price momentum while simultaneously balancing risk using implied volatility and news volume signals to manage potential drawdowns, exiting upon achieving predefined risk-reward thresholds aligned with expected volatility decay post-trigger event."
2025-03-13 11:02:40,ollama-DeepSeek-R1:latest,"A volatility-based strategy that enters trades when MACD divergence suggests a downtrend conjunction with decreasing volume and concurrent high volatility spikes, exiting when price reverses or volatility returns to normal levels."
2025-03-13 11:02:56,ollama-gemma:2b,Combining Chaikin Money Flow and Stochastic Oscillator to Generate Alpha
2025-03-13 11:03:12,ollama-llama3.2:latest,Enter long positions in thinly traded futures contracts with high implied volatilities when order flow metrics reveal net bullish sentiment among hedgers and small traders.
2025-03-13 11:03:28,ollama-llama3.2:latest,"A mean-reversion strategy that enters when Bollinger Bands width exceeds 80% of the daily range, with exits based on a cointegration test of the ratio between price and its moving average (MA) scaled by volatility."
2025-03-13 11:03:45,ollama-llama3.2:latest,"Trade the 12-20 day relative strength index (RSI) mean reversion by entering long when RSI dips below 30 and exiting short on touch with a subsequent RSI rise above 50, adjusted for daily volume weights to reduce market impact."
2025-03-13 11:04:24,ollama-DeepSeek-R1:latest,"Buy when the 14-period RSI crosses above the 20-period EMA or 50-period EMA and exit short upon the signal reversing, using trailing stops to manage risk."
2025-03-13 11:04:43,ollama-llama3.2:latest,"Long/Short spread strategy that buys options on S&P 500 futures expiring in 1 week with a call put ratio equal to the daily VIX index, while shorting options on S&P 500 futures expiring in 3 months with a strike price equal to the 50-day moving average of the underlying futures."
2025-03-13 11:04:59,ollama-gemma:2b,"Utilizing sentiment analysis of social media conversations and news articles, generate signals for buying or selling cryptocurrencies based on the sentiment's alignment with the price movement."
2025-03-13 11:05:14,ollama-gemma:2b,Super-Trending Crypto Arbitrage using Multi-Market Momentum and Sentiment
2025-03-13 11:05:30,ollama-llama3.2:latest,A statistical arbitrage strategy that profits from mispricings in futures markets by identifying pairs with inverted price correlations across different maturities and leveraging inverse ETF swaps to exploit the discrepancy.
2025-03-13 11:05:44,ollama-gemma:2b,Trend-following arbitrage based on stochastic volatility and RSI divergence.
2025-03-13 11:06:01,ollama-llama3.2:latest,A contrarian sentiment-based strategy that exploits asymmetric trader responses to news releases by buying the underpriced asset with high short interest and selling the overpriced asset with low short interest.
2025-03-13 11:06:41,ollama-DeepSeek-R1:latest,A trend-following strategy using MACD Histogram crossovers alongside Bollinger Bands' upper/lower band touchpoints for entry/exit signals.
2025-03-13 11:06:55,ollama-gemma:2b,Cross-asset volatility arbitrage during market downturns.
2025-03-13 11:07:09,ollama-gemma:2b,Volatility Arbitrage on Price-Volume Ratios
2025-03-13 11:07:40,ollama-gemma:2b,Algorithmic Arbitrage on Price Discovery Patterns
2025-03-13 11:07:55,ollama-gemma:2b,Algorithmic Arbitrage Strategy based on Volatility Patterns and Order Flow
2025-03-13 11:08:10,ollama-gemma:2b,Cross-asset volatility arbitrage between Bitcoin and Ethereum
2025-03-13 11:08:25,ollama-gemma:2b,Combining volatility and order book dynamics for alpha generation.
2025-03-13 11:08:39,ollama-gemma:2b,Volatility-Based Trading Strategy:
2025-03-13 11:09:11,ollama-DeepSeek-R1:latest,Enter trades when RSI shows bearish divergence followed by a price break higher while volume spikes indicating heightened interest in a fractal price pattern formation.
2025-03-13 11:09:51,ollama-DeepSeek-R1:latest,"Enter trades when 2-period RSI diverges below price, coinciding with bearish 14-period RSI divergence on a short-term chart with decreasing volume, using Guppy Multiple Moving Averages for confirmation and exiting on ATR multiples."
2025-03-13 11:10:06,ollama-gemma:2b,Utilizing Statistical Arbitrage Opportunities in Option Spreads
2025-03-13 11:10:21,ollama-llama3.2:latest,A statistical arbitrage approach that targets co-integration breaks between stock price movements in adjacent sectors by entering long on overbought stocks from underperforming industries while shorting vice versa.
2025-03-13 11:10:37,ollama-llama3.2:latest,Uncover hidden value by combining order flow data with sentiment analysis to identify asymmetric price movements triggered by contradictory institutional and retail sentiments.
2025-03-13 11:10:52,ollama-gemma:2b,Long-term equity short-selling with trend-following indicators:
2025-03-13 11:11:38,ollama-DeepSeek-R1:latest,A machine learning model predicts upcoming volume spikes in large tick assets by analyzing order book imbalances and execution rate patterns.
2025-03-13 11:11:55,ollama-llama3.2:latest,"Utilize the 'Volume Convergence' indicator by calculating the ratio of intraday high-low range to daily high-low range, entering long positions when volume converges with the previous bar's convergence level while exceeding the current session's open interest."
2025-03-13 11:12:10,ollama-gemma:2b,Arbitrage on price discrepancies between liquid and illiquid cryptocurrency markets.
2025-03-13 11:12:25,ollama-llama3.2:latest,"Use a statistical arbitrage approach that identifies mispricings between cryptocurrency pairs by analyzing cross-asset correlations between Bitcoin, Ethereum, and USDT liquidity imbalances."
2025-03-13 11:12:42,ollama-llama3.2:latest,"A hybrid strategy that combines mean-reversion signals from the RSI-VIX correlation ratio with directional momentum confirmation via 15-minute order flow data, targeting high-yield bonds versus US Treasuries."
2025-03-13 11:13:41,ollama-DeepSeek-R1:latest,"Trade on order flow imbalance between short and long-term buyers, entering when a bullish fractal pattern forms with increased volume preceding a price decline."
2025-03-13 11:13:58,ollama-llama3.2:latest,"Identify emerging liquidity pools in the futures market by analyzing co-trending order book activity across Eurusdollar futures, yen futures, and gold futures, then dynamically rebalancing a 60/40 allocation between these assets based on relative participation rates."
2025-03-13 11:14:13,ollama-llama3.2:latest,A statistical arbitrage strategy that exploits the mispricing between futures contracts and their underlying index components by utilizing a machine learning-based model to predict and hedge the differences in these prices.
2025-03-13 11:15:19,ollama-DeepSeek-R1:latest,"A strategy combining MACD divergence and volume spikes: Enter a trade when the MACD line diverges from the signal line while simultaneously noting a volume spike in the opposite direction, holding until price movement reverses or ATR-based stop losses are triggered."
2025-03-13 11:15:51,ollama-DeepSeek-R1:latest,Trade pairs of assets where one outperforms its historical correlation with another asset while simultaneously trading against implied volatility spikes predicted by machine learning models.
2025-03-13 11:16:05,ollama-llama3.2:latest,"A statistical arbitrage approach exploiting the cross-asset correlation between cryptocurrency price movements and their social media sentiment, focusing on highly correlated but mispriced pairs."
2025-03-13 11:16:20,ollama-llama3.2:latest,"A statistical arbitrage strategy that exploits the mispricing of high-frequency order flow data on low-latency exchanges versus traditional markets, with profits scaled by the speed advantage gap."
2025-03-13 11:16:56,ollama-DeepSeek-R1:latest,"A break-out strategy using Bollinger Bands where the price breaches the lower band as resistance, then sets a trailing stop at the high of the last breach, adjusting the lookback period based on implied volatility for dynamic risk management."
2025-03-13 11:17:24,ollama-DeepSeek-R1:latest,Use Bollinger Bands with MACD to identify overbought/oversold signals for timing entries.
2025-03-13 11:17:38,ollama-gemma:2b,Cross-asset volatility clustering with multi-signature orders
2025-03-13 11:17:53,ollama-llama3.2:latest,"A value-based momentum strategy that longs overbought stocks with high institutional ownership and shorted undervalued stocks with low retail participation, scaled by the ratio of institutional ownership to retail participation."
2025-03-13 11:19:04,ollama-DeepSeek-R1:latest,"Buy when a bullish fractal forms in price action, while RSI is below 30 and MACD has crossed above the signal line."
2025-03-13 11:19:21,ollama-llama3.2:latest,"Buy short-term US Treasury futures (short ETFs) during periods of high volatility in 10-year T-bill yields, with stops at breakeven and exits when the spread between 10-year T-bill and 5-year T-bill widens by more than 15 basis points."
2025-03-13 11:19:54,ollama-DeepSeek-R1:latest,"A mean-reversion trading strategy that enters trades when MACD divergence occurs after a 50-period signal line crosses below zero, exits positions upon price retracing to the initial entry level or during periods of increased volatility, using stop-loss triggered by ATR-based thresholds."
2025-03-13 11:20:08,ollama-gemma:2b,Cross-asset arbitrage with sentiment indicators:
2025-03-13 11:20:40,ollama-DeepSeek-R1:latest,"A trend-following strategy that enters long when RSI diverges above price action and simultaneously volume decreases while implied volatility increases, with exits based on volatility breakouts."
2025-03-13 11:20:56,ollama-llama3.2:latest,Enter long EOD futures contracts when the difference between overnight high and overnight low is greater than 10% of the contract value and the VIX index is below its historical average for the same time period.
2025-03-13 11:21:12,ollama-llama3.2:latest,"A momentum-following strategy that captures alpha by scaling positions in the top 5% of daily order flow volume on low-volatility days with high-slam prices, while selling positions in the bottom 5%."
2025-03-13 11:21:47,ollama-DeepSeek-R1:latest,A strategy using MACD divergence combined with decreasing trading volume to signal potential reversals in momentum trends.
2025-03-13 11:22:19,ollama-DeepSeek-R1:latest,"A strategy that enters long when MACD diverges upwards alongside Bollinger Bands expanding, with exits based on BB contraction after the trend completes."
2025-03-13 11:22:32,ollama-gemma:2b,AI-driven Sentiment and Order Flow Arbitrage
2025-03-13 11:26:17,ollama-DeepSeek-R1:latest,"A trend-following strategy that enters long when bullish divergence occurs with prices breaking above the upper Keltner Channel in conjunction with expanded Bollinger Bands volatility, and exits upon a price correction below the channel."
2025-03-13 11:26:51,ollama-llama3.2:latest,"Buy put options on S&P 500 index when VIX (20-day) futures diverge from 20-day S&P 500 price action, with a maximum 2x leverage, and exit at first breach of a 10-trading-day moving average."
2025-03-13 11:27:40,ollama-DeepSeek-R1:latest,"A trend-following strategy that enters long when the RSI diverges from price action while VIX increases, exiting based on ATR multiples."
2025-03-13 11:28:08,ollama-llama3.2:latest,"A mean-reversion strategy that enters when Bollinger Bands' lower band is above 20-period moving average, with exits based on 2x ATR stops to capture re-test opportunities."
2025-03-13 11:28:39,ollama-DeepSeek-R1:latest,A Gann angle-based strategy using a 5-period SMA to confirm trend direction during intraday trading with profit targets set where the two indicators intersect.
2025-03-13 11:29:18,ollama-DeepSeek-R1:latest,"A trading strategy based on identifying self-similar price patterns using fractals, with entries triggered by divergence from Fibonacci retracement levels."
2025-03-13 11:29:43,ollama-DeepSeek-R1:latest,"Use Fibonacci retracement levels combined with contracting ATR bands to enter trades when price touches a Fibonacci level during an uptrend with decreasing volatility, closing positions on breakouts."
2025-03-13 11:29:57,ollama-llama3.2:latest,"Sell put options at expiration when VIX and S&P 500 are within a 5% correlation band, with entry trigger based on daily high and exit target set at next day's low."
2025-03-13 11:30:31,ollama-DeepSeek-R1:latest,Enter trades when RSI crosses above/below its Bollinger Bands during trending conditions and exit when price reverts.
2025-03-13 11:30:45,ollama-gemma:2b,Volatility Divergence Breakout Strategy
2025-03-13 11:31:00,ollama-gemma:2b,Identify and Trade High-Probability Breakout Opportunities in Volatility-Driven Markets
2025-03-13 11:31:13,ollama-gemma:2b,Combine Bollinger Bands with Stochastic Oscillator to identify potential breakout opportunities.
2025-03-13 11:31:26,ollama-gemma:2b,Volume Oversold Oscillator Breakout
2025-03-13 11:31:41,ollama-gemma:2b,"A volatility-based strategy that utilizes Bollinger Bands to identify potential breakouts when volatility is below its average. Once a breakout occurs, short the underlying asset until the Bollinger Bands expand to its upper band."
2025-03-13 11:31:53,ollama-gemma:2b,Volume-Driven Breakout Strategy
2025-03-13 11:32:08,ollama-llama3.2:latest,"A momentum-based breakout strategy that enters long positions when the 50-period RSI is below 30, exits on pullbacks to 20-period moving average level, with stops at 20% ATR above entry point."
2025-03-13 11:32:22,ollama-gemma:2b,Develop a volatility-based strategy that utilizes moving averages and RSI divergence to identify opportunities for high-probability breakout opportunities during periods of consolidation.
2025-03-13 11:32:35,ollama-gemma:2b,Backtesting Arbitrage Opportunity on Volatility Cliffs
2025-03-13 11:33:02,ollama-DeepSeek-R1:latest,"A trend-following strategy that uses Fibonacci retracement levels combined with MACD oscillator divergence, entering long/short based on both price convergence at retracement levels and momentum signals from MACD."
2025-03-13 11:33:15,ollama-gemma:2b,Dynamic Range Breakout with Fractal Support and Resistance
2025-03-13 11:33:30,ollama-llama3.2:latest,"Enter long positions when the 50-period Bollinger Band Midpoint (BBMP) is above the Simple Moving Average (SMA), and exit when it's below the SMA, with a trailing stop set at 2 standard deviations from the BBMP."
2025-03-13 11:33:44,ollama-llama3.2:latest,"Sell put options during times of high open interest in declining futures contracts, exiting when open interest begins to increase."
2025-03-13 11:33:57,ollama-llama3.2:latest,Buy put spreads on index ETFs during periods of low liquidity (e.g.
2025-03-13 11:34:12,ollama-gemma:2b,"Combining Relative Strength Index divergence and Stochastic oscillator convergence can generate a unique trading strategy. This strategy would enter long when the RSI diverges from price action while the Stochastic oscillator displays convergence, indicating a potential trend reversal."
2025-03-13 11:34:43,ollama-DeepSeek-R1:latest,"A mean-reversion strategy that uses a divergence between RSI(20) and Stochastic Oscillator(8,20), entering short when RSI(20) > 20-period MA while SO(8) < 20-period MA, exiting on SO/RSI reversion or price reaching $10/$50."
2025-03-13 11:35:11,ollama-DeepSeek-R1:latest,"A trend-following strategy that enters long/short positions when MACD divergence occurs while RSI indicates overbought/oversold conditions, with exits based on volatility measures like ATR."
2025-03-13 11:35:26,ollama-llama3.2:latest,"A momentum-driven trend-following strategy that combines the Average True Range (ATR) with a proprietary 'momentum-score' derived from the product of RSI and Bollinger Bands, entering long positions on bullish RSI divergence and short positions on bearish."
2025-03-13 11:35:40,ollama-llama3.2:latest,Sell put options on the inverse ETF of a 3-day moving average crossover momentum indicator.
2025-03-13 11:36:48,ollama-DeepSeek-R1:latest,"Trade based on RSI divergence from price action while price is at a Fibonacci retracement level; enter trades in the direction of divergence, exit on ATR multiples."
2025-03-13 11:37:02,ollama-llama3.2:latest,"Enter long positions during 60-minute highs in the overnight session, adjusted for sector rotation using the EROD ratio. Set stop-loss at 5% below entry price based on ATR."
2025-03-13 11:37:16,ollama-llama3.2:latest,"Buy stocks with high short interest coverage and strong put-call ratio at lower price levels for subsequent gap-down fills, targeting 10-20% gains on the upside."
2025-03-13 11:37:31,ollama-llama3.2:latest,A momentum reversal strategy that enters long positions when the difference between 50-period moving average and 200-period moving average crosses above the 20-period exponential moving average.
2025-03-13 11:37:43,ollama-gemma:2b,Technical Indicators with Unique Combinations
2025-03-13 11:38:07,ollama-DeepSeek-R1:latest,"A mean-reversion strategy that enters trades with divergent RSI relative to Bollinger Bands when BBs become overextended, using volume spikes as confirmation, and exits on ATR multiples or contract rollback."
2025-03-13 11:38:33,ollama-DeepSeek-R1:latest,"Enter long trades when price crosses above 20-period SMA and simultaneously touches 61.8% Fibonacci retracement, exiting upon bearish divergence of RSI(14) confirmed with ATR risk."
2025-03-13 11:38:46,ollama-gemma:2b,Trend-following strategy using fractal patterns:
2025-03-13 11:39:00,ollama-gemma:2b,"Identify and trade when price action breaks above the upper Bollinger Band and volume is above the average volume, indicating potential breakout with bullish engulfing patterns."
2025-03-13 11:39:29,ollama-DeepSeek-R1:latest,"A trend-following strategy using 50-day and 200-day Moving Averages crossing in bearish territory with lower-than-average volume, expecting price action to diverge before breaking into a new volatility breakout, exited via Bollinger Bands."
2025-03-13 11:39:42,ollama-gemma:2b,Identifying potential liquidity breakouts using volume clusters and volatility filters.
2025-03-13 11:39:56,ollama-llama3.2:latest,A momentum-based strategy that captures directional changes in stock prices by buying the top 20% and selling the bottom 20% of daily bar range gaps.
2025-03-13 11:40:16,ollama-DeepSeek-R1:latest,A mean-reversion strategy utilizing RSI and MACD divergence with exits based on VIX volatility spikes.
2025-03-13 11:40:31,ollama-llama3.2:latest,"A momentum-based strategy that longs 20-period RSI-oscillator below 30 concurrent with 5-period moving average above 50-day Simple Exponential Moving Average (50-day SEMA), with adjustments based on Bollinger Bands' price movement ratios."
2025-03-13 11:40:43,ollama-gemma:2b,"Volume Oscillator Divergence Strategy"":"
2025-03-13 11:40:56,ollama-gemma:2b,Identify volatile turning points using fuzzy logic and support & resistance zones.
2025-03-13 11:41:11,ollama-llama3.2:latest,"A directional momentum strategy that longs when a 5-period RSI falls below its corresponding price action low for the past 3 periods, while shorting when a 10-period MA is above a declining 20-period Bollinger Band."
2025-03-13 11:41:25,ollama-gemma:2b,Identify trading opportunities using Harmonic Oscillator and Relative Strength Index convergence.
2025-03-13 11:41:39,ollama-llama3.2:latest,"Sell put options on futures contracts that have closed above their 200-period moving average price range in the past month, with stop-loss at 20% below and limit-up at 10% above current price action."
2025-03-13 11:42:05,ollama-DeepSeek-R1:latest,"A trend-following strategy using EMA for trend identification and Bollinger Bands for volatility control, entering on upward EMA crossover with rising BWW and confirming with RSI strength, exiting upon BWW contraction or significant RSI divergence."
2025-03-13 11:42:19,ollama-llama3.2:latest,"Profit from contrarian momentum by buying underperformed stocks 3 days after earnings release, with stops set at the 2% price drop threshold."
2025-03-13 11:42:35,ollama-llama3.2:latest,"A 'Trend Reversal Trigger' strategy that longs when the 50-period moving average crosses below the 200-period moving average while the short-term relative strength index (RSI) is above 40 and price has breached its 20-day Bollinger Bands upper limit, with exits based on subsequent RSI resets."
2025-03-13 11:42:51,ollama-gemma:2b,"Utilizing the unique combination of Bollinger Bands and Stochastic Oscillator, this strategy would identify potential reversal points for stocks exhibiting consolidation patterns with a significant increase in volume during the breakout."
2025-03-13 11:43:06,ollama-llama3.2:latest,"A momentum-based strategy that captures the mean reversion potential of VIX futures versus their respective underlying stock's option implied volatility, with long positions in the underperforming VIX future and short positions in the overperforming underlying stock's options."
2025-03-13 11:43:30,ollama-DeepSeek-R1:latest,A trend-following strategy that uses Fibonacci retracement levels combined with MACD to enter trades when potential support/resistance is confirmed by MACD momentum.
2025-03-13 11:43:44,ollama-llama3.2:latest,"Buy stocks with high gamma hedge ratio (>1.2) during periods of low VIX (<20), expecting a mean-reversion in implied volatility as the market shifts to higher volatility."
2025-03-13 11:44:04,ollama-DeepSeek-R1:latest,A strategy where traders enter trades after confirming a Fibonacci retracement level completion if accompanied by rising or falling momentum.
2025-03-13 11:44:18,ollama-llama3.2:latest,A momentum-based strategy that enters long positions when 50-period Bollinger Bands width contracts and then exits when the ratio of 20-period RSI to Bollinger Band upper band exceeds 1.5.
2025-03-13 11:44:47,ollama-DeepSeek-R1:latest,"Trade pairs with sustained trend momentum by identifying price突破 above or below 2 standard deviation Bollinger Bands while simultaneously observing divergence in the Relative Strength Index (RSI), positioning short-covering opportunities during uptrends or long-covering during downtrends."
2025-03-13 11:45:00,ollama-gemma:2b,Volatility-based strategy:
2025-03-13 11:45:13,ollama-gemma:2b,Trend-following strategy based on Fibonacci Retracement and Ichimoku Cloud
2025-03-13 11:47:05,ollama-DeepSeek-R1:latest,Unique Trading Strategy:
2025-03-13 11:47:25,ollama-DeepSeek-R1:latest,Trade a short position when RSI is overbought but upside volume outperforms downside volume in an uptrend market.
2025-03-13 11:47:48,ollama-DeepSeek-R1:latest,"A volatility-pairs strategy that enters trades when the MACD divergence diverges from price action while RSI shows divergence, closing positions based on ATR multiples."
2025-03-13 11:48:05,ollama-llama3.2:latest,"A momentum-driven strategy that captures the spread between 50-period SMA and EMA crossover signals while trading on the difference in mean reversion rate (MRR) generated by the MACD delta indicator's deviations from its average value, scaling positions with the market volatility as indicated by ATR ratio."
2025-03-13 11:48:17,ollama-gemma:2b,Volume Breakout Strategy
2025-03-13 11:48:31,ollama-gemma:2b,Develop an arbitrage opportunity using volatility patterns and price action reversals.
2025-03-13 11:48:45,ollama-gemma:2b,High-frequency volatility arbitrage with RSI divergence:
2025-03-13 11:49:00,ollama-gemma:2b,Trend-following system based on Harmonic Oscillator and Moving Average Convergence
2025-03-13 11:49:40,ollama-DeepSeek-R1:latest,"Enter trades when the price action reverses after hitting fractal symmetry and Fibonacci retracement levels, exiting based on volatility spikes."
2025-03-13 11:49:54,ollama-gemma:2b,Identify and trade high-probability breakout opportunities within bearish engulfing patterns.
2025-03-13 11:50:08,ollama-gemma:2b,Identify and trade liquidations within support and resistance zones.
2025-03-13 11:50:23,ollama-gemma:2b,Combine Bollinger Bands with Stochastic Oscillator to identify potential reversals:
2025-03-13 11:51:02,ollama-DeepSeek-R1:latest,"Enter a long position when MACD divergence occurs from price action and volume spikes, holding until Bollinger Bands widen by 20%, and exit using a take-profit level based on ATR volatility."
2025-03-13 11:51:22,ollama-llama3.2:latest,A momentum-based strategy that captures overbought conditions by buying when implied volatility (VIX) falls below 20% below its historical average while the VIX-based Gamma Skew index is in a bullish crossover phase with its previous three months.
2025-03-13 11:51:41,ollama-llama3.2:latest,"A momentum-based strategy that buys underperforming stocks with high sell-side ratings above their 50-day moving average, selling winners that have breached their all-time highs since the start of the year."
2025-03-13 11:51:58,ollama-gemma:2b,"A novel volatility-based trading strategy that utilizes moving averages and RSI divergence to identify potential breakout opportunities within consolidation phases, exiting when both the average and RSI converge."
2025-03-13 11:52:39,ollama-DeepSeek-R1:latest,"A trend-following strategy that enters long or short when RSI divergence from price action diverges oppositely with MACD divergence while high volume signals confirmation, exiting at set ATR multiples."
2025-03-13 11:53:30,ollama-DeepSeek-R1:latest,"A volatility break strategy: Enter long when MACD is bullish but Bollinger Bands are in a downtrend phase with expanding width, exit on breach of lower band."
2025-03-13 11:53:47,ollama-gemma:2b,Develop a volatility-based trading strategy that utilizes support and resistance zones to identify potential reversals and trend breaks.
2025-03-13 11:54:06,ollama-llama3.2:latest,"Enter long positions when 50-period Bollinger Bands (20,2) are above price, but price is below the lower BB band, and exit if price touches or crosses over the upper BB band within the next 3 bars, with risk management via a stop-loss at 0.5 ATR distance."
2025-03-13 11:54:35,ollama-DeepSeek-R1:latest,Enter trades when price action aligns with divergence between a fractal indicator and Bollinger Bands while exiting based on ATR multiples during increased volatility.
2025-03-13 11:54:58,ollama-llama3.2:latest,"A mean-reversion strategy that enters when Bollinger Bands' lower band price action diverges from its upper band while volume decreases, with exits based on ATR multiples."
2025-03-13 11:58:31,ollama-DeepSeek-R1:latest,Enter long trades when RSI indicates overbought conditions and ADX suggests a strong uptrend; exit on divergence or decline in ADX confidence.
2025-03-13 11:59:54,ollama-DeepSeek-R1:latest,Use a combination of Stochastic Oscillator (SO) and Bollinger Bands with a Golden Ratio filter to determine entry/exit points during overbought/oversold conditions while adjusting position sizing based on volatility spikes.
2025-03-13 12:00:40,ollama-gemma:2b,Trend-following strategy based on fractal channels and stochastic oscillators.
2025-03-13 12:01:03,ollama-gemma:2b,Volume Cluster Breakout Strategy
2025-03-13 12:04:10,ollama-DeepSeek-R1:latest,"Enter a position when RSI indicates overbought while the MACD histogram shows divergence, exiting based on ATR volatility exceeding predefined levels."
2025-03-13 12:04:25,ollama-gemma:2b,Combine Bollinger Bands with Relative Strength (RS) to identify entry and exit points.
2025-03-13 12:04:41,ollama-llama3.2:latest,"A momentum-contrarian strategy that enters long positions during periods of high RSI and low VIX, with exits based on the correlation between the VIX and a 200-day moving average of price action."
2025-03-13 12:04:58,ollama-llama3.2:latest,"Sell put options on high-beta stocks during sideways or slightly up trending sessions, targeting expiration, while long-term positions are adjusted to maintain ATR-based stop-losses with a twist: exit if the stock starts showing signs of strength (increasing price action and increased volume) within 1-2 days."
2025-03-13 12:06:24,ollama-DeepSeek-R1:latest,Trade long when RSI diverges bearishly with price confirming Higher Highs and volume decreasing; exit on ATR multiple levels or RSI convergence.
2025-03-13 12:06:40,ollama-llama3.2:latest,"A trend-following momentum strategy that enters long positions when price action touches support from the Bollinger Bands' upper band, while also shorting on breaks above resistance from the lower Bollinger Band's moving average midpoint."
2025-03-13 12:07:03,ollama-DeepSeek-R1:latest,"Use Bollinger Bands to identify entry points when the close is above the upper band but below the 20-period moving average of the ATR, expecting a strong trend to sustain."
2025-03-13 12:07:28,ollama-DeepSeek-R1:latest,Final Answer:
2025-03-13 12:07:58,ollama-DeepSeek-R1:latest,A trend-following strategy employing the Chikou Span to anticipate price reversals in conjunction with Bollinger Bands' volatility readings.
2025-03-13 12:08:23,ollama-DeepSeek-R1:latest,"Use a combination of Bollinger Bands (BB) midpoints and MACD divergence for trend strength-based entries: go long when BB opens higher with MACD above midpoint during uptrend, short when BB tightens with MACD below midpoint during downtrend."
2025-03-13 12:08:37,ollama-llama3.2:latest,"A momentum-contrarian approach that longs contracts showing high liquidity and shorting those with inverse sentiment from institutional traders, as captured by the 20-day delta-neutral VIX futures spread."
2025-03-13 12:09:08,ollama-DeepSeek-R1:latest,"Close long trades when MACD bullish signal crosses above the signal line coincides with price touching the upper Bollinger Band, exiting on a subsequent pullback."
2025-03-13 12:09:35,ollama-gemma:2b,Unique Combination of Bollinger Bands and Stochastic Oscillator
2025-03-13 12:09:50,ollama-llama3.2:latest,"Sell put spreads at the open of European trading hours, targeting a 50% profit or loss within 30 minutes, with stop-loss set at the strike price of the covered call option plus 1 pip."
2025-03-13 12:10:22,ollama-DeepSeek-R1:latest,Enter short when MACD divergence indicates bearish momentum and RSI shows bearish divergence simultaneously; exit with take-profit at 2x average daily volume percentage change and stop-loss at 1x ATR from entry price.
2025-03-13 12:10:45,ollama-DeepSeek-R1:latest,A strategy involves identifying potential trend reversals when the price completes a Fibonacci retracement level and the MACD line crosses above or below its signal line simultaneously.
